{"graph": {"_type": "graph-file", "path": "media/graph/graph_summary_f6c5d33815a476699839.graph.json", "sha256": "f6c5d33815a476699839ad9a5b11632784cd6cf9b8770bf2ac7e49e3609e3420", "size": 713}, "epoch": 19, "_timestamp": 1649939117, "_runtime": 6, "loss": 4.406486938166355e-05, "acc": 0.017796674743294716, "_step": 19, "_wandb": {"runtime": 7}}